Word,Pos.,Meaning
ability,n.,能力;才能
able,a.,能够;有能力的
about,ad.,大约;到处;四处 prep. 关于;在各处;四处
above,prep.,在…上面 a. 上面的 ad. 在…之上
abroad,ad.,到（在）国外
accept,vt.,接受
accident,n.,"事故,意外"
across,prep./ad.,"横过;穿过;另一边,在对面"
act,n.,"法令，条例 v. 行动,（戏）表演,扮演（角色）"
action,n.,"行动,行为,举动"
active,a.,积极的，主动的
activity,n.,活动
advantage,n.,"优点；好处,有利条件"
advertisement,n.,广告
advice,n.,忠告，劝告，建议
afford,vt.,负担得起（…的费用）；抽得出（时间）；提供
afraid,a.,害怕的；担心
Africa,n.,非洲
after,ad.,在后；后来 prep. 在…之后 conj. 在…以后
afternoon,n.,下午，午后
again,ad.,再一次；再，又
against,prep.,"对着,反对,倚靠"
age,n.,年龄；时代
ago,ad.,以前
agree,v.,同意
air,n.,空气；大气
aircraft,n.,飞机 (单复数同)
airline,n.,航空公司;航空系统;航线
airplane,n.,（美）飞机
airport,n.,"航空站,飞机场"
alike,ad.,很相似地，同样地
alive,a.,活着的，存在的
all,ad.,全部地 a. 全（部）;所有的;总;整 pron. 全部;全体
allow,vt.,允许，准许
almost,ad.,几乎，差不多
alone,a.,单独的，孤独的
along,ad.,向前；和…一起；一同 prep. 沿着；顺着
already,ad.,已经
also,ad.,也
although,conj.,虽然，尽管
always,ad.,总是；一直；永远
amaze,v.,惊奇，惊叹；震惊
amazing,a.,惊叹的;震惊的;令人惊讶的
America,n.,美国；美洲
American,a.,美国的；美国人的 n. 美国人
among,prep.,在…中间；在（三个以上）之间
and,conj.,和；又
angel,n.,"天使,守护神"
angry,a.,生气的，愤怒的
animal,n.,动物
another,a.,再一；另一；别的 pron. 另一个
answer,n.,"回答,答复;答案 v. 回答,答复;（作出）答案"
any,pron.,任何的;（用于疑问句、否定句）一些；什么
anyhow,ad.,不管怎样
anyone,pron.,任何人，无论谁
anything,pron.,什么事（物）；任何事（物）
anywhere,ad.,任何地方
apologize,vi.,道歉，谢罪
apology,n.,道歉；歉意
apple,n.,苹果
April,n.,4月
Arab,a.,阿拉伯的 n. 阿拉伯人
area,n.,面积；地域，区域；范围，领域
arm,n.,"臂,支架,（美）武器,武力"
army,n.,军队
around,ad.,在周围；在附近 prep. 在…周围；大约
arrive,vi.,到达；达到
arrow,n.,箭；箭头
art,n.,艺术，美术；技艺
artist,n.,"艺术家,美术家"
article,n.,文章;物品;冠词
as,ad.,\& conj. 像…一样;当…时；如同；因为 prep. 作为，当做
Asia,n.,亚洲
Asian,a.,亚洲（人）的 n. 亚洲人
ask,v.,问；请求，要求；邀请
asleep,a.,睡着的，熟睡
assistant,n.,助手，助理
at,prep.,在（几点钟）;在（某处）
attack,vt.,/ n. 攻击，袭击
attend,v.,看护，照料，服侍；出席，参加
attention,n.,注意，关心
attract,v.,吸引，引起
August,n.,8月
aunt,n.,伯母；舅母；婶；姑；姨
Australia,n.,澳洲；澳大利亚
Australian,a.,澳洲的，澳大利亚人的 n. 澳大利亚人
autumn,n.,秋天，秋季
"awake (awoke, awoken)",v.,唤醒 a. 醒着的
away,ad.,离开；远离
awful,adj.,极坏的、极讨厌的、糟糕的、可怕的
baby,n.,婴儿
back,ad.,回（原处）；向后 a. 后面的 n. 背后，后部；背
"bad (worse, worst)",a.,坏的；有害的，不利的；严重的
badly,ad.,坏，恶劣地
bake,v.,烤； 烘（面包）
ball,n.,球 n. 舞会
balloon,n.,气球
bamboo,n.,竹子
banana,n.,香蕉
band,n.,"乐队,波段,一伙,一帮,带(状物)"
bang,int.,砰
bank,n.,"（河海湖的）岸，堤, 银行"
base,n.,"根据地,基地,（棒球）垒"
baseball,n.,棒球
basket,n.,篮子
basketball,n.,篮球
bath,n.,洗澡；浴室；澡盆
be,v.,"是 (am, is, are, was, were, being, been)；成为"
beach,n.,海滨，海滩
bear,v.,承受，负担，承担；忍受；容忍 n. 熊
"beat (beat, beaten)",v.,敲打；跳动；打赢 n.（音乐）节拍
beautiful,a.,美，美丽，美观的
because,conj.,因为
"become (became, be come)",v.,变得；成为
bed,n.,床
bedroom,n.,寝室，卧室
bee,n.,蜜蜂
beef,n.,牛肉
beer,n.,啤酒
before,prep.,在…以前；在…前面 ad. 以前 conj. 在…之前
beg,v.,请求，乞求，乞讨 
beginning,n.,开始，开端
behind,prep.,(表示位置)在…后面 ad. 在后面；向后
believe,v.,相信，认为
bell,n.,"钟,铃;钟(铃)声;钟形物"
below,prep.,在…下面
beside,prep.,在…旁边；靠近
besides,prep.,除…以外（还有） ad. 还有，此外
"best（good, well的最高级）",a.,"\& ad. 最好的,最好地,最 n. 最好的（人或物）"
best-seller,n.,畅销书
"better (good, well的比较级)",a.,"\& ad. 更好的,更好地；更,更多 n. 较好的事物between \[b??twi?n] prep. 在（两者）之间；在…中间"
bicycle,n.,自行车
big,a.,大的
bike = bicycle,n.,自行车
bill,n.,账单；法案，议案；（美）钞票，纸币
billion,num.,十亿
biology,n.,生物（学）
bird,n.,鸟
birth,n.,出生；诞生
birthday,n.,生日
bit,n.,一点，一些，少量的
black,n.,黑色 a. 黑色的
blackboard,n.,黑板
blank,n.,\& a. 空格，空白（处）；空的；茫然无表情的
blind,a.,瞎的
blouse,n.,宽罩衫；（妇女、儿童穿的）短上衣
"blow (blew, blown)",v.,吹；刮风；吹气 n. 击；打击
blue,n.,蓝色 a. 蓝色的 a. 悲伤的；沮丧的
board,n.,木板；布告牌;（政府的）部 v. 上（船、火车、飞机）
boat,n.,小船，小舟
boating,n.,划船（游玩），泛舟
body,n.,身体
book,n.,书；本子 v. 预定，定（房间、车票等）
bookmark,n.,书签
bookshop,n.,书店
bookstore,n.,书店
boom,n.,/ v. 繁荣，轰鸣，激增
boot,n.,长筒靴；靴
boring,a.,乏味的，无聊的
born,a.,出生的
borrow,v.,（向别人）借用；借
both,a.,两；双 pron. 两者；双方
bottle,n.,瓶子
bottom,n.,底部；底
bowl,n.,碗
box,n.,盒子，箱子
boy,n.,男孩
brain,n.,脑（子）
bread,n.,面包
"break (broke, broken)",n.,"间隙,中断,暂停 v. 打破（断，碎）"
breakfast,n.,早餐
breathe,vi.,呼吸
bridge,n.,桥
bright,a.,明亮的；聪明的
"bring (brought, brought)",vt.,拿来，带来，取来
Britain,n.,英国；不列颠
British,a.,英国的；大不列颠的；英国人的
broadcast,n.,/v. 广播
broken,a.,弄坏了的
broom,n.,扫帚
brother,n.,兄；弟
brotherhood,n.,兄弟般的关系
brown,n.,褐色，棕色 a. 褐色的，棕色的
brush,v.,刷；擦 n. 刷子
"build (built, built)",v.,建筑；造
building,n.,建筑物；房屋；大楼
"burn (-ed, -ed / burnt, burnt)",v.,"燃烧,着火;使烧焦;使晒黑 n. 烧伤;晒伤"
bury,vt.,埋；葬
bus,n.,公共汽车
business,n.,（本分）工作，职业；职责；生意，交易；事业
businessman (pl. businessmen),n.,商人（男）；男企业家
busy,a.,忙（碌）的
but,conj.,"但是，可是 prep. 除了, 除……外"
butter,n.,黄油，奶油
butterfly,n.,蝴蝶
button,n.,纽扣；（电铃等的）按钮 v. 扣（纽扣） 
"buy (bought,bought)",vt.,买
by,prep.,在…旁；不迟于；被；用；乘（车）
bye,int.,再见
cabbage,n.,卷心菜，洋白菜
café,n.,咖啡馆;餐馆
cage,n,笼；鸟笼
cake,n.,蛋糕，糕点；饼
call,n.,喊，叫；电话，通话 v. 称呼；呼唤；喊，叫
camel,n.,骆驼
camera,n.,照相机；摄像机
camp,n.,"（夏令）营 vi. 野营,宿营"
can (could),v.,可能；能够；可以 n.（美）罐头；罐子
Canada,n.,加拿大
Canadian,a.,加拿大的；加拿大人的 n. 加拿大人
cancer,n.,"癌,癌症,弊端,社会恶习"
candle,n.,蜡烛
candy,n.,糖果
cannon,n.,大炮
canoe,n.,独木舟 v. 乘独木舟
cap,n.,帽子；（瓶子的）盖
capital,n.,"首都,省会,大写；资本"
captain,n.,（海军）上校；船长，舰长；队长
caption,n.,（图片，漫画等的）说明文字
car,n.,汽车，小卧车
card,n.,卡片；名片；纸牌
care,n.,照料，保护；小心 v. 介意…，在乎；关心
careful,a.,小心，仔细，谨慎的
careless,a.,粗心的，漫不经心的
carrot,n.,胡萝卜
carry,vt.,拿，搬，带，提，抬，背，抱，运等
cat,n.,猫
cause,n.,原因，起因 vt. 促使，引起，使发生
ceiling,n.,天花板，顶棚
celebrate,v.,庆祝
celebration,n.,庆祝；庆祝会
cent,n.,美分（100 cents = 1 dollar）
centre (美 center ),n.,中心，中央
century,n.,世纪，百年
certain,a.,（未指明真实名称的）某…；确定的，无疑的；一定会…
certainly,ad.,当然；一定，无疑
chair,n.,椅子
chalk,n.,粉笔
challenge,n.,挑战(性)
chance,n.,机会，可能性
change,n.,零钱；找头 v. 改变，变化；更换；兑换
channel,n.,频道；通道；水渠
chart,n.,图表；航海图
cheap,a.,便宜的，贱
check,n.,检查；批改 vt. 校对，核对；检查；批改
check-out,n.,"结账台,收银台"
cheese,n.,奶酪
chemistry,n.,化学
chess,n.,"国际象棋,棋"
chick,n.,小鸡
chicken,n.,鸡；鸡肉
child (复children),n.,孩子，儿童
chimney,n.,烟囱，烟筒
China,n.,中国
Chinese,a.,中国的；中国人的；汉语的 n. 中国人；汉语，
chocolate,n.,巧克力
"choose (chose, chosen)",vt.,选择
Christmas,n.,圣诞节
church,n.,教堂；教会
cinema,n.,电影院；电影
circle,n.,"/vt. 圆,环绕"
city,n.,市，城市，都市
class,n.,（学校的）班；年级；课
classmate,n.,同班同学
classroom,n.,教室
clean,vt.,弄干净，擦干净 a. 清洁的，干净的
clear,a.,清晰；明亮的；清楚的
clearly,ad.,清楚地，无疑地
clever,a.,聪明的，伶俐的
climb,v.,爬，攀登
clock,n.,钟
close,a.,亲密的；近，靠近 ad. 近，靠近 vt. 关，关闭
cloth,n.,布
clothes,n.,衣服；各种衣物
cloud,n.,云；云状物；阴影
cloudy,a.,多云的，阴天的
club,n.,俱乐部；纸牌中的梅花
coal,n.,煤；煤块
coat,n.,外套；涂层；表皮；皮毛
cock,n.,公鸡
code,n.,"密码,符号,准则"
cocoa,n.,可可粉
coffee,n.,咖啡
coin,n.,硬币
coke,n.,可口可乐
cold,a.,冷的，寒的 n. 寒冷；感冒，伤风
collect,vt.,收集，搜集
college,n.,学院；专科学校
colour (美color),n.,颜色 vt. 给…着色，涂色
"come (came, come)",vi.,来，来到
comfort,n.,安慰；慰问
comfortable,a.,舒服的；安逸的；舒服自在的
common,a.,普通，一般；共有的
company,n.,公司
competition,n.,比赛，竞赛
complain,v.,"抱怨,投诉"
composition,n.,作文；作曲
computer,n.,电子计算机
comrade,n.,同志
concert,n.,音乐会；演奏会
conductor,n.,指导者;（车上的）售票员，列车员;乐队指挥
confident,a.,自信的
congratulate,vt.,祝贺
congratulation,n.,祝贺，庆贺
connect,v.,连接，把…联系起来
continue,vi.,继续
conversation,n.,谈话，交谈
cook,n.,"炊事员,厨师 v. 烹调,做饭"
cookie,n.,小甜饼
cool,a.,凉的，凉爽的；酷
copy,n.,"抄本，副本；一本（份，册…） v. 抄写,复印,拷贝"
corn,n.,玉米，谷物
corner,n.,角；角落；拐角
correct,v.,改正；纠正 a. 正确的，对的；恰当的
"cost (cost, cost)",v.,值（钱），花费 n. 价格
cotton,n.,棉花 a. 棉花的
cough,n.,\& vi. 咳嗽
could,v.,（can的过去式）可以…；（表示许可或请求）可以…，行
count,vt.,数，点数
country,n.,国家；农村，乡下
countryside,n.,乡下，农村
couple,n.,夫妇，一对
course,n.,过程；经过；课程
cousin,n.,堂（表）兄弟，堂（表）姐妹
cover,n.,盖子；罩 v. 覆盖，遮盖；掩盖
cow,n.,母牛，奶牛
crash,v.,/ n. 碰撞，撞击
cream,n.,奶油，乳脂
crop,n.,庄稼；收成
cross,a.,脾气不好的，易怒的 n. 十字形的东西 vt. 越过；穿过
crossing,n.,十字路口，人行横道
crowd,n.,人群 vt. 拥挤，群聚
cry,n.,叫喊；哭声 v. 喊叫；哭
culture,n.,文化
cup,n.,茶杯
cupboard,n.,碗柜；橱柜
curtain,n.,窗帘
cushion,n.,垫子
customer,n.,（商店）顾客，主顾
"cut (cut, cut)",v.,切，剪，削，割
cute,adj.,可爱的
dad = daddy,n.,（口）爸爸，爹爹
daily,a.,每日的；日常的 ad. 每天 n. 日报
dance,n.,\& vi. 跳舞
dangerous,a.,危险的
dare,v.,\& aux. 敢，敢于
dark,n.,黑暗；暗处；日暮 a. 黑暗的；暗淡的；深色的
date,n.,日期；约会 n.枣
daughter,n.,女儿
day,n.,（一）天，（一）日；白天
daytime,n.,白天，白昼
dead,a.,死的；无生命的
deaf,a.,聋的
deal,n.,量，数额；交易
dear,int.,（表示惊愕）哎呀！唷！a. 亲爱的；贵的
death,n.,死
December,n.,12月
decide,v.,决定；下决心
decision,n.,决定；决心
decorate,vt.,装饰，修饰
deep,a.,深 ad. 深；深厚
deeply,ad.,深深地
deer,n.,鹿
delicious,a.,美味的，可口的
delight,n.,快乐；乐事
demand,vt.,要求
depend,vi.,依靠，依赖，指望；取决于
describe,vt.,描写，叙述
description,n.,描述，描写
desert,n.,沙漠 vt. 舍弃；遗弃
deserve,v.,（不用于进行时态）应得，应受
desk,n.,书桌，写字台
destroy,vt.,破坏，毁坏
detective,n.,侦探
develop,v.,（使）发展；开发 vt. 冲洗（照片）
diagram,n.,图表，图样
dial,vt.,拨（电话号码）
dialogue,n.,对话
diary,n.,日记；日记簿
dictation,n.,听写
dictionary,n.,词典，字典
die,v.,死
difference,n.,不同
different,a.,不同的，有差异的
difficult,a.,难；艰难；不易相处的
difficulty,n.,困难，费力
"dig (dug, dug)",v.,"挖（洞沟）,掘"
digital,a.,.数字的，数码的
dim,a.,"昏暗的,暗淡的"
dinner,n.,正餐，宴会
dip,vt.,浸，蘸；把…放入又取出
direct,a.,直接的；直截了当的 vt. 指挥；指导；导演（电影）
direction,n.,方向；方位
director,n.,所长，处长，主任；董事；导演
directory,n.,姓名地址录
dirt,n.,污物；脏物
dirty,a.,脏的
disappear,vi.,消失
discover,vt.,发现
discovery,n.,发现
discuss,vt.,讨论，议论
discussion,n.,讨论，辩论
disease,n.,病，疾病
dish,n.,盘，碟；盘装菜；盘形物
display,vt.,"陈列,展览;显露,表现  n. 陈列,展览;展览品,展览品"
disturb,vt.,扰乱；打扰
dive,vi.,跳水
divide,vt.,分，划分
"do (did, done)",v.,\& aux. 做，干
doctor,n.,医生，大夫；博士
dog,n.,狗
doll,n.,玩偶，玩具娃娃
dollar,n.,元（美国、加拿大、澳大利亚等国货币单位）
door,n.,门
double,a.,两倍.双的 n. 两个.双
down,prep.,沿着，沿…而下 ad. 向下
download,n.,\& v. 下载
downstairs,ad.,在楼下；到楼下
downtown,n.,"城市的商业区，中心区，闹市区 a. 商业区的,闹市区的"
dozen,n.,十二个；几十，许多
drag,v.,拖；拽
dragon,n.,龙
"draw (drew, drawn)",v.,绘画；绘制；拉，拖；提取（金钱）
drawer,n.,抽屉
drawing,n.,"图画，素描,绘画"
"dream (dreamt, dreamt 或-ed, -ed)",n.,\& vt. 梦，梦想
dress,n.,女服，连衣裙；(统指)服装；童装 v. 穿衣
drink,n.,饮料；喝酒 
drop,n.,"滴 v.掉下,落下,投递,放弃"
drought,n.,干旱
drunk,a.,醉的
dry,v.,使…干；弄干；擦干 a. 干的；干燥的
duck,n.,鸭子
dumpling,n.,饺子
during,prep.,在…期间；在…过程中
dusk,n.,黄昏
dust,n.,灰尘，尘土
dustbin,n.,垃圾箱
duty,n.,责任，义务
each,a.,"\& pron. 每人,每个,每件"
ear,n.,耳朵.耳状物；听力，听觉
early,a.,早的 ad. 早地
earth,n.,地球；土，泥；大地
earthquake,n.,地震
east,a.,东方；东部的；ad. 在东方；向东方； n. 东，东方；
easy,a.,容易的，不费力的
"eat (ate, eaten)",v.,吃
edge,n.,边缘
education,n.,教育，培养
egg,n.,蛋；卵
Egypt,n.,埃及
Egyptian,a.,埃及的；埃及人的；埃及语的 n. 埃及人
eight,num.,八
eighteen,num.,十八
eighth,num.,第八
eighty,num.,八十
either,a.,两方任一方的；二者之一 conj. 二者之一；要么 ad. 也
elder,n.,长者；前辈
electricity,n.,电；电流
elephant,n.,象
elevator,n.,"电梯,升降梯"
eleven,num.,十一
else,ad.,别的，其他的
empty,a.,空的
encourage,vt.,鼓励
end,n.,末尾；终点；结束 v. 结束，终止
enemy,n.,敌人；敌军
engineer,n.,工程师；技师
England,n.,英格兰
English,a.,英国的，英国人的，英语的 n. 英语
English-speaking,a.,说英语的
enjoy,vt.,欣赏；享受乐趣；喜欢
enjoyable,a.,愉快的；有趣的
enough,n.,足够；充足 a. 足够；充分的 ad. 足够地；充分地
enter,vt.,进入
entrance,n.,入口;入场;进入的权利;入学许可
entry,n.,进入
envelope,n.,信封
environment,n.,环境
envy,vt.,\& n. 忌妒； 羡慕
equal,a.,平等的 vt. 等于，使等于
equality,n.,平等
equip,vt.,提供设备；装备；配备
equipment,n.,装备，设备
eraser,n.,橡皮擦；黑板擦
error,n.,错误；差错
escape,n.,\& vi. 逃跑；逃脱
especially,ad.,特别，尤其
essay,n.,散文；文章；随笔
Europe,n.,欧洲
European,a.,欧洲的，欧洲人的 n. 欧洲人
Eve,n.,前夕
even,ad.,甚至，连（…都）；更
evening,n.,傍晚，晚上
event,n.,事件，大事
ever,ad.,曾经；无论何时
every,a.,每一，每个的
everybody,pron.,每人，人人
everyday,a.,每日的；日常的
everyone,pron.,每人，人人
everything,pron.,每件事，事事
everywhere,ad.,到处
exact,a.,精确的；确切的
exactly,ad.,精确地；确切地
exam = examination,n.,考试，测试；检查；审查
examine,vt.,检查；诊察
example,n.,例子；榜样
excellent,a.,极好的，优秀的
except,prep.,除…之外
excite,vt.,使兴奋，使激动
excuse,n.,"借口,辩解 vt. 原谅,宽恕"
exercise,n.,锻炼，做操；练习，习题 vi. 锻炼
exhibition,n.,展览；展览会
exist,vi.,存在
expect,vt.,预料；盼望；认为
expensive,a.,昂贵的
experience,n.,经验；经历
experiment,n.,实验
expert,n.,专家，能手
explain,vt.,解释，说明
express,vt.,表达；表示；表情 n. 快车，特快专递
eye,n.,眼睛
face,n.,脸 vt. 面向；面对
fact,n.,事实，现实
factory,n.,工厂
fail,v.,失败；不及格；衰退
fame,n.,"名声,名望,名誉"
family,n.,家庭；家族；子女
famous,a.,著名的
fan,n.,（电影、运动等的）迷；热心的爱好者（支持者） n. 风扇
farm,n.,农场；农庄
farmer,n.,农民
farming,n.,"农业,务农"
farmland,n.,农田
farther,a./ad.,"(far的比较级形式之一)较远,更远"
farthest,a./ad.,(far的最高级形式之一)最远
fast,a.,快的，迅速的；紧密的 ad. 快地，迅速地；紧密地
fasten,vt.,扎牢；扣住
fat,n.,脂肪 a. 胖的；肥的
father,n.,父亲
fax,n.,传真
fear,n.,害怕；恐惧； 担忧
feather,n.,羽毛
February,n.,2月
federal,a.,"中央的,（政府）联邦的"
fee,n.,费，费用
"feed (fed, fed)",vt.,喂（养）；饲（养）
"feel (felt, felt)",v.,\& link 感觉，觉得；摸，触
feeling,n.,感情；感觉
fence,n.,栅栏；围栏；篱笆
festival,n.,节日
fetch,vt.,（去）取（物）来，（去）带（人）来
fever,n.,发烧；发热
few,pron.,不多;少数;不多的;少数的
field,n.,田地;牧场;场地
fifteen,num.,十五
fifth,num.,第五
fifty,num.,五十
fight,n.,打仗（架），争论
fill,vt.,填空，装满
film,n.,电影；影片；胶卷
final,a.,最后的；终极的
fine,a.,晴朗的；美好的；（身体）健康的
finger,n.,手指
finish,v.,结束；做完
fire,n.,"火；火炉；火灾 vi. 开火,射击,解雇"
fireplace,n.,壁炉
first,num.,第一 a.\& ad. 第一；首次；最初 n. 开始；开端
fish,n.,鱼；鱼肉 vi. 钓鱼；捕鱼
fisherman,n.,渔民；钓鱼健身者
fit,a.,"健康的,适合的 v.（使）适合,安装"
five,num.,五
fix,vt.,修理；安装；确定，决定
flag,n.,旗；标志；旗舰
flight,n.,"航班,飞行"
flood,n.,洪水 vt. 淹没，使泛滥
floor,n.,地面，地板.（楼房的）层
flower,n.,花
"fly (flew, flown)",vi.,飞；飞行；飘动 vt. 放（风筝、飞机模型等）n. 苍蝇
focus,v.,/ n. 集中（注意力，精力）于，焦点，中心点
fog,n.,雾
foggy,a.,多雾的
follow,vt.,跟随；仿效；跟得上
following,a.,接着的；以下的
fond,a.,喜爱的，爱好的
food,n.,食物，食品
fool,n.,傻子，蠢人
foolish,a.,愚蠢的，傻的
foot (复feet),n.,足，脚；英尺
football,n.,（英式）足球；（美式）橄榄球
for,prep.,为了…；因为…；对于…；对…来说 conj. 因为，由于
foreign,a.,外国的
foreigner,n.,外国人
forest,n.,森林
forever,ad.,永远；永恒的
"forget (forgot, forgotten)",v.,忘记；忘掉
forgetful,a.,健忘的，不留心的
fork,n.,叉，餐叉
form,n.,表格；形式；结构
forth,n.,"向前,往外"
forty,num.,四十
found,vt.,成立，建立
foundation,n.,"基础;基本原理,根据,基金会;建立,创办"
fountain,n.,喷泉
four,num.,四
fourteen,num.,十四
fourth,num.,第四
fox,n.,狐狸
France,n.,法国
free,a.,自由，空闲的；免费的
French,n.,法语 a. 法国的；法国人的；法语的
fresh,a.,新鲜的
Friday,n.,星期五
fridge =refrigerator,n.,冰箱
friend,n.,朋友
friendly,a.,友好的
friendship,n.,友谊，友情
frighten,vt.,使惊恐，吓唬
from,prep.,"从,从…起,来自"
front,a.,前面的；前部的 n. 前面；前部；前线
fruit,n.,水果；果实
fruit juice,n.,果汁
fry,vt.,用油煎；用油炸
full,a.,满的，充满的；完全的
fun,n.,有趣的事，娱乐，玩笑
funny,a.,有趣的，滑稽可笑的
fur,n.,毛皮；皮子
further,a./ad.,"(far的比较级形式之一)较远,更远"
future,n.,将来、未来
game,n.,游戏；运动；比赛
garden,n.,花园，果园，菜园
gate,n.,大门
general,a.,大体，笼统的，总的
generation,n.,代，一代
generous,a.,慷慨大方的
geography,n.,地理学
geometry,n.,几何学
German,a.,德国的，德国人的，德语的 n. 德国人，德语
Germany,n.,德国
"get (got , got)",vt.,成为；得到；具有；到达
gift,n.,赠品；礼物
girl,n.,女孩
"give (gave, given)",vt.,"给,递给,付出,给予"
glad,a.,高兴的；乐意的
glass,n.,"玻璃杯,玻璃；(复)眼镜"
glove,n.,手套
"go (went, gone)",vi.,去；走；驶；通到；到达 n. 尝试（做某事）
goal,n.,（足球）球门，目标
goat,n.,山羊
gold,n.,黄金 a 金的，黄金的
golf,n.,高尔夫球
"good (better,best)",a.,好；良好
good-bye,int.,再见；再会
goodness,n.,善良，美德
goose (复 geese),n.,鹅
government,n.,政府
grade,n.,等级（中小学的）；学年；成绩，分数
gradually,ad.,逐渐地
graduate,v.,毕业
grammar,n.,语法
grand,a.,宏伟的
grandchild,n.,"(外)孙或孙女,孙辈"
granddaughter,n.,（外）孙女
grandma = grandmother,n.,奶奶；外婆
grandpa = grandfather,n.,"爷爷,外公"
grandparents,n.,"祖父母,外祖父母"
grandson,n.,（外）孙子
granny,n.,老奶奶；祖母；外婆
grape,n.,葡萄
grass,n.,草；草场；牧草
grateful,a.,感激的，感谢的
great,a.,"伟大的,重要的,好极了 ad.（口语）好极了，很好"
Greece,n.,希腊
green,a.,绿色的；青的 n. 绿色
greet,vt.,问候；向…致敬
grey / gray,a.,灰色的；灰白的
group,n.,组，群
"grow (grew, grown)",v.,生长；发育；种植；变成
growth,n.,生长，增长
guess,vi.,猜
guest,n.,客人，宾客
guide,n.,向导，导游者
guitar,n.,吉他，六弦琴
gun,n.,炮，枪
habit,n.,习惯，习性
hair,n.,头发
haircut,n.,（男子）理发
half,a.,\& n. 半，一半，半个
hall,n.,"大厅,会堂,礼堂;过道"
ham,n.,火腿
hamburger,n.,汉堡包
hand,n.,手；指针 v. 递;给;交付;交上
handbag,n.,女用皮包，手提包
handwriting,n.,书法
"hang (hung, hung)",v.,"悬挂，吊着；把…吊起  hang (hung, hung) 绞死"
happen,vi.,"（偶然）发生,碰巧"
happily,ad.,幸福地，快乐地
happy,a.,幸福；快乐的，高兴的
hard,ad.,努力地；猛烈地 a. 硬的；困难的；艰难的
hardly,ad.,几乎不
hardworking,a.,努力工作的
harm,n.,\&v. 伤害；损伤
harvest,n.,\& vt. 收割，收获（物）
hat,n.,帽子(一般指有边的)；礼帽
hate,vt.,\& n. 恨，讨厌
"have (has, had, had)",vt.,有；吃；喝；进行；经受
he,pron.,他
head,n.,头；头脑；首脑；标题 a. 头部的；主要的 v. 率领；驶向
headache,n.,头疼
headmaster,n.,（英）中小学校长
headmistress,n.,女校长
headteacher,n.,中小学班主任
health,n.,健康，卫生
healthy,a.,健康的，健壮的
"hear (heard, heard)",v.,听见；听说
hearing,n.,听力
heart,n.,"心,心脏,纸牌中的红桃"
heat,n.,热 vt. 把…加热
heaven,n.,天，天空
heavy,a.,重的
heavily,ad.,重地，大量地
hello,int.,喂；你好（表示打招呼，问候或唤起注意）
help,n.,\& vt. 帮助，帮忙
helpful,a.,有帮助的，有益的
hen,n.,母鸡
her,pron.,"她(宾格),她的"
here,ad.,这里，在这里；向这里
hero,n.,英雄，勇士，男主角
hers,pron.,她的
herself,pron.,她自己
hey,int.,嘿！
hi,int.,你好（表示打招呼、问候或唤起注意）
"hide (hid, hidden)",v.,把…藏起来，隐藏
high,a.,高的;高度的 ad. 高地
highway,n.,"公路,主要交通道路"
hill,n.,小山;丘陵;土堆;斜坡
him,pron.,他（宾格）
himself,pron.,他自己
his,pron.,他的
history,n.,历史，历史学
"hit (hit, hit)",n.,"\& vt. 打,撞,击中"
hobby,n.,业余爱好，嗜好
"hold (held, held)",vt.,拿；抱；握住；举行；进行
hole,n.,洞，坑
holiday,n.,假日；假期
home,n.,家 ad. 到家；回家
homeland,n.,祖国
hometown,n.,故乡
homework,n.,家庭作业
honest,a.,诚实的，正直的
hope,n.,\& v. 希望
hopeful,a.,有希望的；有前途的
hopeless,a.,没有希望的
horrible,a.,令人恐惧；恐怖的
horse,n.,马
hospital,n.,医院
hot,a.,热的
hotel,n.,旅馆，饭店，宾馆
hour,n.,小时
house,n.,房子；住宅
housewife,n.,家庭主妇
housework,n.,家务劳动
how,ad.,"怎样,如何；多么"
however,ad.,可是 conj. 然而，可是，尽管如此
hug,v.,拥抱
huge,a.,巨大的，庞大的
human,a.,人的，人类的
hundred,num.,百
hunger,n.,饥饿
hungry,a.,（饥）饿的
hurry,vi.,赶快；急忙
"hurt (hurt, hurt)",vt.,伤害，受伤；伤人感情
husband,n.,丈夫
I,pron.,我
ice,n.,冰
ice-cream,n.,冰淇淋
idea,n.,"主意,意见,打算,想法"
idiom,n.,习语，成语
if,conj.,"如果,假使,是否,是不是"
ill,a.,有病的；不健康的
illness,n.,疾病
imagine,vt.,想像，设想
immediately,ad.,立即
important,a.,重要的
impossible,a.,不可能的
improve,vt.,改进，更新
in,prep.,在…里(内)；在 ad. 在家，在内，向内
inch,n.,英寸
include,vt.,包含，包括
increase,v.,\& n. 增加，繁殖
indeed,a.,确实；实在
India,n.,印度
Indian,a.,（美洲）印地安人的； 印度人的 n. 印地安人；印度人
information,n.,信息
ink,n.,墨水，油墨
insect,n.,昆虫
inside,prep.,在…里面 ad. 在里面
insist,vi.,坚持；坚决认为
inspect,vt.,检查；检验；审视
instruct,vt.,通知；指示；教
instruction,n.,"说明,须知;教导"
interest,n.,兴趣，趣味;利息
interesting,a.,有趣的
international,a.,国际的
internet,n.,互联网，英特网
into,prep.,到…里;向内；变成
introduce,vt.,介绍
invent,vt.,发明，创造
invention,n.,发明，创造
inventor,n.,发明者，创造者
invite,vt.,邀请，招待
is,v.,是
island,n.,岛
it,pron.,它
its,pron.,它的
itself,pron.,它自己
jacket,n.,短上衣，夹克衫
jam,n.,果酱；阻塞
January,n.,1月
Japan,n.,日本
Japanese,a.,日本的，日本人的，日语的 n. 日本人，日语
jeep,n.,吉普车
job,n.,（一份）工作
join,v.,"参加,加入;连接;会合"
joke,n.,笑话
journalist,n.,记者，新闻工作者
journey,n.,旅行，路程
joy,n.,欢乐，高兴，乐趣
judge,n.,裁判；审判员；法官 vt. 判断，断定
juice,n.,汁、液
July,n.,7月
jump,n.,跳跃；跳变 v. 跳跃；惊起；猛扑
June,n.,6月
jungle,n.,丛林，密林
junior,a.,初级的；年少的
just,ad.,刚才；恰好；不过；仅 a. 公正的
kangaroo,n.,大袋鼠
"keep (kept, kept)",v.,保持；保存；继续不断 vt. 培育，饲养
key,n.,钥匙;答案;键;关键
keyboard,n.,键盘
kick,v.,\& n. 踢
kid,n.,小孩
kill,v.,杀死，弄死
kilo,n.,千克；千米
kilogram,n.,千克
kilometre,n.,千米（公里）
kind,n.,"种;类 a. 善良,友好的"
kind-hearted,a.,好心的
king,n.,国王
kingdom,n.,王国
kiss,n.,\& vt. 吻，亲吻
kitchen,n.,厨房
kite,n.,风筝
knee,n.,膝盖
knock,n.,\& v. 敲；打；击 
"know(knew,known)",v.,知道，了解；认识；懂得
knowledge,n.,知识，学问
ladder,n.,梯子
lady,n.,女士，夫人
lake,n.,湖
lamp,n.,灯，油灯；光源
land,n.,"陆地,土地 v. 登岸(陆)降落"
language,n.,语言
lap,n.,"(人坐时)膝部,(跑道的)一圈"
large,a.,大的；巨大的
last,a.,最后的 ad. 最后地 n. 最后 v. 持续
late,a.,"晚的,迟的 ad. 晚地,迟地"
lately,ad.,最近，不久前
later,a.,晚些的，迟些的
laugh,n.,\& v. 笑，大笑；嘲笑
law,n.,法律，法令；定律
"lay (laid, laid)",vt.,放，搁
lazy,a.,懒惰的
"lead (led, led)",v.,领导，带领 n. 铅
leader,n.,领袖，领导人
leaf (复 leaves),n.,（树，菜）叶
league,n.,联盟，社团
"learn (learnt, learnt；-ed -ed)",vt.,学，学习，学会
least,n.,最少，最少量
leather,n.,皮革
"leave (left, left)",v.,离开;把…留下，剩下
left,a.,"左边的 ad. 向左 n. 左,左边"
leg,n.,腿；腿脚；支柱
"lend (lent, lent)",vt.,"借(出),把…借给"
less（little的比较级）,a.,"\& ad. 少于,小于"
lesson,n.,课；功课；教训
"let (let, let)",vt.,让
letter,n.,信；字母
librarian,n.,图书管理员；（西方的）图书馆馆长
library,n.,图书馆，图书室
license,n.,执照，许可证
"lie (lay, lain)",v.,"躺;卧;平放;位于n.\& vi.(lied,lied) 说谎"
life (复lives),n.,生命；生涯；生活；人生；生物
lifetime,n.,一生，终生
lift,v.,举起，抬起；（云、烟等）消散 n. （英）电梯
light,n.,光，光亮；灯，灯光 vt. 点（火），点燃 a. 明亮的；轻的；浅色的
like,prep.,像，跟…一样 vt. 喜欢，喜爱
line,n.,绳索，线，排，行，线路 v. 画线于，（使）成行
lion,n.,狮子
lip,n.,嘴唇
list,n.,一览表，清单
listen,vi.,"听,仔细听"
litter,v.,乱丢杂物
"little (less, least)",a.,"小的,少的 ad. 很少地, 稍许 n. 没有多少"
live,vi.,"生活;居住;活着 a. 活的,活着的;现场（直播）的"
lively,a.,活泼的;充满生气的
living,a.,活着的 n. 生计
lock,n.,锁 vt. 锁，锁上
London,n.,伦敦
lonely,a.,孤独的，寂寞的
long,a.,长的，远 ad. 长久
look,n.,看，瞧 v. 看，观看 v. link 看起来
"lose (lost, lost)",vt.,失去，丢失
lot,n.,许多，好些
loud,a.,大声的
loudly,ad.,大声地
loudspeaker,n.,扬声器，喇叭
love,n.,\& vt. 爱；热爱;很喜欢
lovely,a.,美好的，可爱的
low,a.,\& ad. 低；矮
luck,n.,运气，好运
lucky,a.,运气好，侥幸
lunch,n.,午餐，午饭
machine,n.,机器
madam/ madame,n.,"夫人,女士"
magazine,n.,杂志
magic,a.,有魔力的
mail,n.,"邮政,邮递 v. (美)邮寄"
main,a.,主要的
mainland,n.,大陆
"make (made,made)",vt.,"制造,做;使得"
man (复men),n.,成年男人;人类
manage,v.,管理；设法对付
manager,n.,经理
man-made,a.,人造的，人工的
"many (more, most)",pron.,许多人（或物）a. 许多的
map,n.,地图
March,n.,3月
mark,n.,"标记 vt. 标明,作记号于"
market,n.,市场，集市
marry,v.,（使）成婚，结婚
match,vt.,使相配，使成对 n. 比赛，竞赛 n. 火柴
mathematics =math / maths,n.,"（常作单数用）数学, (英美口语) 数学"
matter,n.,"要紧事，要紧, 事情；问题 vi. 要紧，有重大关系"
May,n.,5月
maybe,ad.,可能，大概，也许
me,pron.,我（宾格）
meal,n.,一餐（饭） 
"mean(meant,meant)",vt.,"意思,意指"
meaning,n.,意思，含意
means,n.,方法，手段；财产
meat,n.,（猪、牛、羊等的）肉
"meet (met, met)",vt./ n.,遇见，见到 会；集会
meeting,n.,"会,集会,会见,汇合点"
melon,n.,（甜）瓜；瓜状物
member,n.,成员，会员
memory,n.,回忆，记忆
mend,v.,修理，修补
mention,n.,提及；记载 vt. 提到，说起
menu,n.,菜单
merry,a.,高兴的，愉快的
message,n.,消息，音信
metal,n.,金属 a. 金属制成的
metre (美meter),n.,米，公尺
mid-autumn,n.,中秋
middle,n.,中间;当中;中级的
Middle East,n.,中东
midnight,n.,午夜
might,v. aux.,(may的过去式，助动词) 可能，也许，或许
mild,a.,"温和,暖和的,凉爽的"
mile,n.,英里
milk,n.,牛奶 vt. 挤奶
million,num.,百万 n. 百万个（人或物）
mind,n.,"思想,想法 v.介意,关心"
mine,n.,"矿藏,矿山 vt. 开采(矿物)  pron. 我的"
minibus,n.,小型公共汽车
minus,prep.,\& a.负的，减去的
minute,n.,分钟;一会儿，瞬间
mirror,n.,镜子
miss,vt.,失去，错过，缺
Miss.,n.,"小姐,女士(称呼未婚妇女)"
mist,n.,雾
"mistake (mistook, mistaken)",n.,错误 vt. 弄错
mobile,a.,活动的，可移动的
model,n.,"模型,原形,范例,模范"
modern,a.,现代的
Mom =Mum,n.,妈妈
moment,n.,片刻，瞬间
mommy = mummy,n.,妈妈（美）
Monday,n.,星期一
money,n.,钱；货币
monitor,n.,（班级内的）班长；纠察生；监视器
monkey,n.,猴子
month,n.,月，月份
monument,n.,纪念碑，纪念物
moon,n.,月球；月光；月状物
mooncake,n.,月饼
more（much或many的比较级）,a./ ad.,另外的;较多的;而且;更 n. 更多的量
morning,n.,早晨，上午
most (much或many的最高级),a.,"\& ad. 最多 n. 大部分,大多数"
mother,n.,母亲
motor,n.,发动机，马达
motorbike,n.,摩托车
motorcycle,n.,摩托车
mountain(s),n.,山，山脉
mouse (复mice),n.,鼠，耗子；（计算机）鼠标
mouth,n.,嘴，口
move,v.,移动，搬动，搬家
movement,n.,运动，活动
movie,n.,（口语）电影
Mr. (mister),n.,先生（用于姓名前）
Mrs. (mistress),n.,"夫人, 太太（称呼已婚妇女）"
Ms.,n.,女士(用在婚姻状况不明的女子姓名前)
much (more，most),a./ ad.,许多，大量，非常，更加
multiply,vt.,乘；使相乘
murder,vt.,谋杀
museum,n.,博物馆，博物院
music,n.,音乐，乐曲
must,v.,"必须,应当;必定是"
mutton,n.,羊肉
my,pron.,我的
myself,pron.,我自己
nail,n.,钉，钉子
name,n.,"名字,姓名,名称 vt. 命名,名叫"
narrow,a.,狭窄的
nation,n.,民族，国家
national,a.,"国家的,全国性的，民族的"
natural,a.,自然的
nature,n.,"自然, 性质，种类"
near,a.,近的 ad. 附近，邻近 prep. 在…附近，靠近
nearby,a.,附近的
nearly,ad.,将近，几乎
neat,a.,整洁的；灵巧的
necessary,a.,必需的，必要的
neck,n.,颈，脖子
necklace,n.,项链
necktie,n.,领带，领花
need,n.,"需要,需求 aux.\& v. 需要,必须"
needle,n.,针
neighbour (美neighbor),n.,邻居，邻人
neighbourhood (美neighborhood),n.,四邻；邻近地区
neither,a.,（两者）都不;也不
nervous,a.,紧张不安的
nest,n.,巢；窝
net,n.,网
network,n.,网络，网状系统
never,ad.,决不，从来没有
new,a.,新的；新鲜的
news,n.,新闻，消息
newspaper,n.,报纸
next,a.,"下一个的,紧挨着的，隔壁的 ad. 随后，然后，下一步"
nice,a.,"令人愉快;好的,漂亮的"
niece,n.,侄女，甥女
night,n.,夜；夜间
night-club,n.,夜总会
nine,num.,九
nineteen,num.,十九
ninety,num.,九十
ninth,num.,第九
no,ad.,"不,不是 a. 没有,无,不"
No.(缩) = number,n.,数字;号码
nobody,n.,渺小人物 pron. 没有人，谁也不
nod,vi.,点头
noise,n.,声音，噪声，喧闹声
noisily,ad.,喧闹地
noisy,a.,喧闹的，嘈杂的
none,pron.,"无任何东西, 无一人"
noodle,n.,面条
noon,n.,中午，正午
nor,conj.,也不
normal,n.,\& a. 正常的（状态）
north,a.,"北的;朝北的 ad. 向（在,从）北方 n. 北;北方;北部"
northeast,n.,东北（部）
northern,a.,北方的，北部的
northwest,n.,西北
nose,n.,鼻子
not,ad.,不，没
note,n.,便条，笔记，注释；钞票，音调
notebook,n.,笔记簿
nothing,n.,"没有东西,没有什么"
notice,n.,布告，通告；注意 vt. 注意，注意到
novel,n.,（长篇）小说
November,n.,11月
now,ad.,现在
nowhere,ad.,"任何地方都不,无处"
number,n.,"数,数字,号码,数量"
nurse,n.,护士；保姆；保育员
obey,v.,服从，顺从，听从
object,n.,物，物体；宾语
ocean,n.,海洋
o'clock,n.,点钟
October,n.,10月
of,prep.,….的
off,prep.,"离开,脱离,（走）开"
offer,n.,\& vt. 提供；建议
office,n.,办公室
often,ad.,经常，常常
oh,int.,哦！啊！
oil,n.,油
OK,ad.,"（口语）好,对,不错"
old,a.,老的，旧的
Olympic(s),a.,\& n. 奥林匹克
Olympic Games,n.,奥运会
on,prep.,在…上（时），关于 ad. 接通；进行下去；（电灯）开
once,n.,"\& ad. 一次,一度,从前 conj. 一旦"
one,pron.,一（个，只…）
oneself,pron.,自己；自身
onion,n.,洋葱；洋葱头
only,a.,惟一的，仅有的 ad. 仅仅，只，才
onto,prep.,到…的上面
open,a.,"开着的,开的 vt. 开,打开"
opera,n.,歌剧
operate,v.,"做手术，运转；实施，负责, 经营，管理"
opinion,n.,看法，见解
or,conj.,或；就是；否则
orange,n.,橘子，橙子，橘汁 a. 橘色的，橙色的
order,vt.,定购，定货；点菜n. 顺序
ordinary,a.,普通的，平常的
other,pron.,"别人，别的东西 a. 别的,另外的"
our,pron.,我们的
ours,pron.,我们的
ourselves,pron.,我们自己
out,ad.,"出外;在外,向外;熄"
outdoors,ad.,"在户外, 在野外"
outside,n.,外面 ad. 在外面；向外面 prep. 在…外面
over,prep.,"在…上方,越过,遍及 ad. 翻倒,遍布,越过,结束"
overcoat,n.,大衣
own,a.,"自己的 v. 拥有,所有"
owner,n.,物主，所有人
Pacific,a.,太平洋的
pack,n.,"包,捆;（猎犬、野兽的）一群 v. (为运输或储存而)打包"
packet,n.,小包裹，袋
page,n.,页，页码
pain,n.,疼痛，疼
painful,a.,使痛的，使痛苦的
paint,n.,"油漆 vt. 油漆,粉刷,绘画"
painter,n.,"绘画者,（油）画家"
painting,n.,油画，水彩画
pair,n.,一双，一对
palace,n.,宫，宫殿
pale,a.,苍白的，灰白的
pan,n.,平底锅
panda,n.,熊猫
paper,n.,纸；报纸
pardon,n.,"原谅,宽恕,对不起"
parent,n.,父(母)，双亲
park,n.,公园 vt. 停放（汽车）
parking,n.,停车
parrot,n.,鹦鹉
part,n.,部分；角色；部件；零件 a. 局部的；部分的
party,n.,聚会，晚会；党派
pass,vt.,传，递；经过；通过
passage,n.,（文章等的）一节，一段；通道；走廊
passenger,n.,乘客，旅客
passport,n.,护照
past,ad.,过 n. 过去，昔日，往事 prep. 过…，走过某处
path,n.,小道，小径
patient,n.,病人
pause,n.,\& vi. 中止，暂停；停止
pea,n.,豌豆
peace,n.,和平
pear,n.,梨子，梨树
pen,n.,钢笔，笔
pencil,n.,铅笔
pencil-box,n.,铅笔盒
people,n.,人，人们；人民
pepper,n.,胡椒粉
performance,n.,演出，表演
perhaps,ad.,可能，或
permit,vt.,"许可,允许;执照 n. 许可证"
person,n.,人
personal,a.,个人的，私人的
pet,n.,宠物，爱畜
phone = telephone,v.,打电话 n. 电话，电话机
photo =photograph,n.,照片
photograph,n.,照片
phrase,n.,短语；习惯用语
physicist,n.,物理学家
physics,n.,物理（学）
pianist,n.,钢琴家
piano,n.,钢琴
pick,v.,拾起，采集；挑选
picnic,n.,\& v. 野餐
picture,n.,图片，画片，照片
pie,n.,甜馅饼
piece,n.,一块（片，张，件…）
pig,n.,猪
pile,n./v.,堆
pill,n.,药丸，药片
pilot,n.,飞行员
ping-pong,n.,乒乓球
pink,a.,粉红色的
pioneer,n.,先锋，开拓者
pity,n.,怜悯，同情
place,n.,地方，处所 v. 放置，安置，安排
plan,n.,\& v. 计划，打算
plane,n.,飞机
planet,n.,行星
plant,vt.,种植，播种 n. 植物
plastic,a.,塑料的
plate,n.,板；片；牌；盘子；盆子
play,v.,玩；打（球）；游戏；播放 n. 玩耍，戏剧
player,n.,比赛者，选手
playground,n.,操场，运动场
pleasant,a.,令人愉快的，舒适的
please,v.,"请,使人高兴,使人满意"
pleased,a.,高兴的
pleasure,n.,高兴，愉快
plenty,n.,充足，大量
plus,prep.,加，加上
"p.m./pm, P.M. /PM",n.,"下午,午后"
pocket,n.,（衣服的）口袋
point,v.,指，指向 n. 点；分数
police,n.,警察，警务人员
policeman (复-men),n.,"警察,巡警 policewoman ( -women) n. 女警察"
polite,a.,"有礼貌的,有教养的"
politics,n.,政治
pollute,vt.,污染
pool,n.,水塘，水池
poor,a.,"贫穷；可怜；不好的,差的"
pop = popular,a.,(口语) （音乐、艺术等）大众的，通俗的
popular,a.,"流行,大众,受欢迎的"
population,n.,人口，人数
pork,n.,猪肉
porridge,n.,稀饭，粥
port,n.,港口，码头
possible,a.,可能的
post,n.,邮政，邮寄，邮件 v. 投寄；邮寄
postage,n.,邮费
postbox,n.,邮箱
postcard,n.,明信片
postcode,n.,（英）邮政编码
postman,n.,邮递员
potato,n.,土豆，马铃薯
potential,a.,潜在的，可能的
pound,n.,磅；英镑
pour,vi.,倾泻，不断流出
practice(s)e,n.,练习
prefer,vt.,"宁愿（选择）,更喜欢"
prepare,vt.,"准备,预备,调制,配制"
present,a.,出现的，出席的 n. 礼物，赠品 vt. 呈奉，奉送
press,vt.,"压,按 n. 新闻界,出版社"
pretty,a.,漂亮的，俊俏的
prevent,vt.,"防止, 预防"
price,n.,价格，价钱
pride,n.,自豪，骄傲
print,vt.,印刷
prize,n.,奖赏，奖品
probable,a.,"很可能,很有希望的"
probably,ad.,很可能，大概
problem,n.,问题，难题
produce,vt.,生产；制造
professor,n.,教授
programme (美program),n.,节目；项目
progress,n.,"进步,上进 vi. 进展,进行"
promise,n.,\& vi. 答应，允诺
pronounce,vt.,发音
pronunciation,n.,发音
proper,a.,恰当的，合适的
protect,vt.,保护
proud,a.,自豪的；骄傲的
provide,vt.,提供
province,n.,省
public,a.,"公共,公众的 n. 公众"
pupil,n.,（小）学生
purple,n.,/ a. 紫色
purse,n.,钱包
push,n.,\& v. 推
"put (put, put)",vt.,放，摆
pyramid,n.,(古埃及)金字塔
quarrel,vi.,争吵，吵架
quarter,n.,四分之一，一刻钟
queen,n.,皇后，女王
question,vt.,询问 n. 问题
queue,n.,行列，长队
quick,a.,快；敏捷的；急剧的
quiet,a.,安静的；寂静的
quilt,n.,被子；被状物
quit,v.,离任，离校，戒掉
quite,ad.,完全，十分
quiz,n.,测验，小型考试
rabbit,n.,兔，家兔
race,n.,种族，民族 v.（速度）竞赛，比赛 n. 赛跑，竞赛
radio,n.,无线电，收音机
rail,n.,铁路
railway,n.,铁路；铁道
rain,n.,雨，雨水 vi. 下雨
raincoat,n.,雨衣
rainy,a.,下雨的；多雨的
raise,vt.,使升高；饲养
rat,n.,老鼠
rather,ad.,相当，宁可
reach,v.,"到达,伸手(脚)够到"
"read (read, read)",v.,读；朗读
ready,a.,准备好的
real,a.,真实的，确实的
realise (美realize),vt.,"认识到,实现"
really v,ad.,真正地；到底；确实
reason,n.,"理由,原因"
receive,v.,收到，得到
recent,a.,近来的，最近的
record,n.,记录；唱片
recycle,vt.,回收；再循环
red,n.,红色 a. 红色的
refuse,vi.,拒绝，不愿
regard,v.,把…看作
regret,n./ vt.,"可惜,遗憾;痛惜;哀悼"
regulation,n.,规则，规章
relax,v.,（使）放松，轻松
relay,n.,接力，接替人，中转 v. 接替，补充；转运
remain,vt.,"余下,留下 vi. 保持,仍是"
remember,v.,记得，想起
rent,n.,\& v. 租金
repair,n.,\& vt. 修理；修补
repeat,vt.,重说，重做
reply,n.,回答，答复
report,n.,\& v. 报道，报告
research,n.,研究，调查
rest,n.,休息；剩余的部分，其余的人（物） vi. 休息，歇息
restaurant,n.,"饭馆, 饭店"
result,n.,结果，效果
return,v.,归还
review,vt.,重新调查；回顾；复习 n. 复查；复习；评论
rice,n.,稻米；米饭
rich,a.,富裕的，有钱的
riddle,n.,谜(语)
"ride (rode, ridden)",v.,骑（马、自行车）；乘车 n. 乘车旅行
right,n.,"权利 a. 对,正确的 ad. 正确地,恰恰,完全地 a. 右,右边的"
"ring (rang, rung)",v.,（钟、铃等）响；打电话 n. 铃声 n. 环形物（如环、圈、戒指等）
"rise (rose, risen)",vi.,上升，上涨
river,n.,江；河；水道；巨流
road,n.,路，道路
rob,v.,抢夺，抢劫
robot,n.,机器人
rock,n.,"岩石,大石头 vt. 摇,摇晃"
room,n.,"房间,室;空间;地方"
rose,n.,玫瑰花
rough,a.,粗糙的，粗略的
round,ad.,转过来 prep. 环绕一周，围着 a. 圆的；球形的
row,n.,"（一）排,（一）行 v. 划船"
rubber,n.,橡胶；合成橡胶
rubbish,n.,垃圾；废物
rude,a.,"无理的, 粗鲁的"
rule,n.,"规则,规定 vt. 统治,支配"
ruler,n.,统治者；直尺
"run (ran, run)",vi.,跑，奔跑；（颜色）褪色
runner,n.,赛跑者；操作者；滑行装置
rush,vi.,冲，奔跑
Russia,n.,俄罗斯，俄国
Russian,a.,俄国人的，俄语的 n. 俄国人，俄语
sad,a.,（使人）悲伤的
safe,a.,安全的 n. 保险柜
safety,n.,安全，保险
sail,n.,航行 v. 航行，开航
salad,n.,色拉
sale,n.,卖，出售
salesgirl,n.,女售货员
salesman,n.,男售货员
saleswoman,n.,女售货员
salt,n.,盐
same,n.,"同样的事 a. 同样的,同一"
sand,n.,沙，沙子
sandwich,n.,三明治（夹心面包片）
satellite,n.,卫星
satisfaction,n.,满意
satisfy,vt.,满足，使满意
Saturday,n.,星期六
save,vt.,救，挽救，节省
"say (said, said)",vt.,说，讲
scenery,n.,风景，景色，风光
school,n.,学校
schoolbag,n.,书包
schoolmate,n.,同校同学
science,n.,科学，自然科学
scientific,a.,科学的
scientist,n.,科学家
scissors,n.,剪刀，剪子
score,n.,"\& v. 得分，分数,二十"
screen,n.,幕，荧光屏
sea,n.,海，海洋
seagull,n.,海鸥
search,n.,\& v. 搜寻，搜查
season,n.,季；季节
seat,n.,座位，座
second,n.,秒 num. 第二 a. 第二的
secondhand,n.,二手货; 旧货
secret,n.,秘密，内情
secretary,n.,秘书；书记
"see (saw, seen)",vt.,看见，看到；领会；拜会
seem,v.,似乎，好像
seldom,ad.,很少，不常
"sell (sold, sold)",v.,卖，售
"send (sent, sent)",v.,打发，派遣；送，邮寄
sentence,n.,句子
separate,v.,使分开，使分离 a. 单独的，分开的
September,n.,9月
serious,a.,"严肃的,严重的,认真的"
servant,n.,仆人，佣人
serve,vt.,"招待（顾客等）,服务"
"set (set, set)",vt.,释放，安置 n. 装备，设备
seven,num.,七
seventeen,num.,十七
seventh,num.,第七
seventy,num.,七十
several,pron.,"几个,数个 a. 若干"
severe,a.,"极为恶劣,十分严重的"
shall (should),v. aux.,（表示将来）将要，会；…好吗
shape,n.,形状，外形 v. 使成型，制造，塑造
share,vt.,分享，共同使用
sharp,a.,锋利的，尖的
sharpen,v.,（使）变锐利，削尖
sharpener,n.,削尖用的器具
she,pron.,她
sheep (复sheep),n.,（绵）羊；羊皮；驯服者
sheet,n.,成幅的薄片，薄板
shelf (复 shelves),n.,架子；搁板；格层；礁；陆架
shine,n.,光泽；光彩；阳光；晴天；光(亮)
"shine (shone, shone或-d, -d)",v.,发光；照耀；杰出；擦亮
ship,n.,船，轮船 vi. 用船装运
shirt,n.,男衬衫
shoe,n.,鞋
shop,vi.,"买东西 n. 商店,车间"
shopping,n.,买东西
shore,n.,滨，岸
short,a.,短的；矮的
shot,n.,射击，开枪，开炮，射击声；子弹
should,v. mod.,"应当，应该，会 v. aux. 会,应该（shall的过去时态）"
shout,n.,\& v. 喊，高声呼喊
show,n.,"展示,展览（会）;演出"
shower,n.,阵雨；淋浴
"shut (shut, shut)",v.,/ n. 关上，封闭；禁闭；
shy,a.,害羞的
sick,a.,"有病,患病的,（想）呕吐"
side,n.,边，旁边，面，侧面
sign,n.,符号，标记
silence,n.,安静，沉默
silk,n.,（蚕）丝，丝织品
silly,a.,傻的，愚蠢的
simple,a.,简单的，简易的
since,ad.,从那时以来 conj. 从…以来，…以后，由于 prep. 从…以来
"sing (sang, sung)",v.,唱，唱歌
singer,n.,歌唱家，歌手
single,a.,单一的，单个的
"sink (sank, sunk)",vi.,下沉；消沉  n. 洗涤槽；污水槽
sir,n.,先生；阁下
sister,n.,姐；妹
"sit (sat, sat)",vi.,坐
situation,n.,形势，情况
six,num.,六
sixth,num.,第六
sixty,num.,六十
sixteen,num.,十六
sixteenth,num.,第十六
size,n.,尺寸，大小
skate,vi.,溜冰，滑冰
skateboard,n.,冰鞋，滑板
ski,n.,\& vi. 滑雪板；滑雪
skirt,n.,女裙
sky,n.,天；天空
"sleep (slept, slept)",vi.,睡觉
slow,ad.,慢慢地，缓慢地
small,a.,小的，少的
"smell (smelt, smelt / -ed,-ed)",v.,嗅，闻到；发气味 n. 气味
smile,n.,\& v. 微笑
smoke,n.,烟 v. 冒烟；吸烟
smoking,n.,"吸烟,抽烟;冒烟"
snake,n.,蛇 v. 蛇般爬行;蜿蜒行进
snow,n.,雪 vi.下雪
so,ad.,如此，这么；非常；同样 conj. 因此，所以
soap,n.,肥皂
society,n.,社会
sock,n.,短袜
sofa,n.,（长）沙发
soft,a.,软的，柔和的
soil,n.,土壤，土地
soldier,n.,士兵，战士
some,a.,一些，若干；有些；某一 pron. 若干，一些
somebody,pron.,某人；有人；有名气的人
someone,pron.,某一个人
something,pron.,某事；某物
sometimes,ad.,有时
somewhere,ad.,在某处
son,n.,儿子
song,n.,歌唱；歌曲
soon,ad.,"不久,很快,一会儿"
sorry,a.,"对不起,抱歉;难过的"
so-so,a.,一般；不怎么样；凑合
sound,vi.,"听起来,发出声音 n. 声音"
soup,n.,汤
sour,a.,酸的，馊的
south,a.,南(方)的 ad. 在南方；向南方 n. 南；南方；南部
southeast,n.,东南
southern,a.,南部的，南方的
southwest,n.,西南
"sow (sowed, sown或-ed)",vt.,播种
space,n.,空间
spaceship,n.,宇宙飞船
Spanish,a.,西班牙人的，西班牙的，西班牙语的 n. 西班牙语
"speak (spoke, spoken)",v.,说，讲；谈话；发言
special,a.,特别的，专门的
speech,n.,演讲
speed,n.,速度 v.（使）加速
spell,vt.,拼写
spirit,n.,精神
spit,v.,吐唾沫；吐痰
splendid,a.,灿烂的，辉煌的；（口语）极好的
spoon,n.,"匙, 调羹"
sport,n.,体育运动，锻炼；(复，英)运动会
spot,n.,斑点，污点；场所，地点 v. 沾上污渍，弄脏
spring,n.,"春天,春季 n. 泉水,泉"
square,n.,广场 a. 平方的；方形的，宽而结实的（体格，肩膀）
stamp,n.,邮票
stand,n.,站；立；停止；立场；地位；台；坛；摊
"stand (stood, stood)",v.,站；立；起立；坐落；经受；持久
star,n.,星，恒星
start,v.,开始，着手；出发
state,n.,状态；情形；国家，（美国的）州
station,n.,站，所，车站；电台
stay,n.,\& vi. 停留，逗留，呆
"steal (stole, stolen)",vt.,"偷, 窃取"
steep,a.,险峻的；陡峭的
step,n.,"脚步,台阶,梯级 vi. 走,跨步"
"stick (stuck, stuck)",vi.,"粘住，钉住；坚持 n. 木棒（棍）,枝条"
still,a.,"不动的,平静的 ad. 仍然,还"
stocking,n.,长统袜
stomach,n.,胃，胃部
stomachache,n.,胃疼
stone,n.,石头，石料
stop,n.,停；（停车）站 v. 停，停止，阻止
store,n.,商店 vt. 储藏，存储
storm,n.,风暴，暴（风）雨
story,n.,故事，小说
straight,a.,一直的，直的 ad. 一直地，直地
strange,a.,"奇怪,奇特的,陌生的"
street,n.,街，街道
strict,a.,严格的，严密的
"strike (struck, struck或stricken)",v.,"（钟）鸣;敲（响）,罢工,擦（打）火, 侵袭"
strong,a.,强(壮)的；坚固的；强烈的；坚强的
student,n.,学生
study,v.,学习；研究 n. 书房
stupid,a.,愚蠢的，笨的
subject,n.,题目；主题；学科；主语；主体
succeed,vi.,成功
success,n.,成功
successful,a.,"成功的,有成就的"
such,ad.,那么 pron.（泛指）人，事物 a. 这样的，那样的
sudden,a.,突然的
sugar,n.,糖
suggest,vt.,建议，提议
suggestion,n.,建议
suit,vt.,适合 n. 一套（衣服）
summer,n.,夏天，夏季
sun,n.,太阳，阳光
Sunday,n.,星期日
sunglasses,n.,太阳眼镜，墨镜
sunlight,n.,日光，阳光
sunny,a.,晴朗的;阳光充足的
sunrise,n.,黎明，拂晓
sunset,n.,日落(时分)
sunshine,n.,阳光
super,a.,顶好的，超级的
supermarket,n.,超级市场
supper,n.,晚餐，晚饭
supply,vt.,\& n. 供给，供应
suppose,vt.,"猜想,假定,料想"
sure,a.,确信，肯定 ad. (口语)的确，一定，当然
surf,v.,冲浪
surprise,vt.,"使惊奇,使诧异 n. 惊奇,诧异"
sweater,n.,厚运动衫，毛衣
"sweep(swept,swept)",v.,扫除，扫
sweet,n.,甜食;蜜饯;甜点;糖果;芳香 a. 甜的;可爱的;亲切的
"swim (swam, swum)",vi.,"游泳,游 n. 游泳，游"
swimming,n.,游泳
swimming pool,n.,游泳池
swing,vt.,挥舞，摆动 n. 秋千
table,n.,桌子，表格
tail,n.,(动物的)尾巴
tailor,n.,裁缝
"take (took, taken)",vt.,拿；拿走；做；服用；乘坐；花费
tale,n.,"故事, 传说"
talk,n.,"\& v. 谈话,讲话,演讲,交谈"
tall,a.,高的
tape,n.,磁带；录音带
task,n.,"任务, 工作"
taste,n.,"品尝, 尝味；味道 vt. 品尝, 尝味"
taxi,n.,出租汽车
tea,n.,茶；茶叶 
"teach(taught,taught)",v.,"教书,教"
teacher,n.,教师，教员
team,n.,队，组
teamwork,n.,合作，协同工作
teapot,n.,茶壶
tear,n.,"眼泪 v. 扯破, 撕开"
technology,n.,技术
teenager,n.,（13～19岁的）青少年，十几岁的少年
telegram,n.,电报
telegraph,v.,(拍) 电报
telephone,v.,打电话 n. 电话
television,n.,电视
"tell (told, told)",vt.,"告诉,讲述,吩咐"
temperature,n.,温度
ten,num.,十
tent,n.,帐篷
term,n.,学期;术语;条款;项
terrible,a.,可怕的；糟糕的
terrify,vt.,使人感到恐怖
test,vt.,"\& n. 测试, 考查，试验"
text,n.,文本，课文
textbook,n.,课本，教科书
than,conj.,比
thank,vt.,感谢，致谢，道谢 n.（复）感谢，谢意
thankful,a.,感谢的，感激的
that,a.,\& pron.那，那个 conj. 那，那个 ad. 那么，那样
the,art.,"这（那）个,这（那）些"
theatre (美theater),n.,剧场，戏院
their,pron.,"他(她,它)们的"
theirs,pron.,"他（她,它）们的"
them,pron.,他/她/它们（宾格）
themselves,pron.,他/她/它们自己
then,ad.,"当时,那时,然后,那么"
there,int.,"那!你瞧! n. 那里,那儿 ad. 在那里,往那里"
these,a.,\& pron. 这些
they,pron.,他（她）们；它们
thick,a.,厚的
thief (复thieves),n.,"窃贼, 小偷"
thin,a.,薄的；瘦的；稀的
thing,n.,东西；(复)物品，用品；事情，事件
"think (thought, thought)",v.,想；认为；考虑
third,num.,第三
thirst,n.,渴；口渴
thirsty,a.,渴
thirteen,num.,十三
thirty,num.,三十
this,a.,\& pron.这，这个
those,a.,\& pron. 那些
though,conj.,虽然，可是
thought,n.,"思考,思想;念头"
thousand,num.,千
three,num.,三
through,prep.,"穿（通）过;从始至终 ad. 穿(通)过;自始至终,全部"
"throw(threw,thrown)",v.,"投,掷,扔"
Thursday,n.,星期四
thus,ad.,这样；因而
tick,vt.,"作记号 n. 记号,符号,滴答声"
ticket,n.,票；卷
tidy,a.,整洁的，干净的 vt. 弄整洁，弄干净
tie,vt.,（用绳，线）系，拴，扎 n. 领带，绳子，结；关系
tiger,n.,老虎
till,conj.,"\& prep. 直到,直到…为止"
time,n.,"时间;时期;钟点,次,回 vt. 测定…的时间,记录…的时间"
tire,vi.,使疲劳
tired,a.,疲劳的，累的
to,prep.,给；对，向，到
today,ad.,"\& n. 今天;现在,当前"
together,ad.,一起，共同
toilet,n.,厕所
Tokyo,n.,东京
tomato,n.,西红柿，番茄
tomb,n.,坟墓
tomorrow,ad.,\& n. 明天
ton,n.,（重量单位）吨
tongue,n.,舌，舌头
tonight,ad.,\& n. 今晚，今夜
too,ad.,"也,还,又,太,非常"
tool,n.,工具，器具
tooth (复 teeth),n.,牙齿
toothache,n.,牙痛
toothbrush,n.,牙刷
toothpaste,n.,牙膏
top,n.,"顶部,（物体的）上面"
total,a.,"总数的;完全的 n./ v. 合计,总计"
touch,vt.,触摸，接触
tough,a.,坚硬的；结实的；棘手的，难解的
tour,n.,"参观, 观光, 旅行"
tourism,n.,旅游业；观光
tourist,vn.,旅行者，观光者
toward(s),prep.,向，朝，对于
towel,n.,毛巾
tower,n.,塔
town,n.,城镇，城
toy,n.,"玩具, 玩物"
track,n.,轨道；田径
tractor,n.,拖拉机
trade,n.,"商业,贸易 vt. 交易"
tradition,n.,传统，风俗
traditional,a.,传统的，风俗的，惯例的
traffic,n.,交通，来往车辆
train,n.,"火车 v. 培训,训练"
trainer,n.,训练人；教练
training,n.,培训
translate,vt.,翻译
trap,n.,陷阱 vt. 使陷入困境
travel,n.,\& vi. 旅行
traveler,n.,旅行者
treat,vt.,对待，看待
tree,n.,树
trip,n.,旅行，旅程
trouble,vt.,"使苦恼,使忧虑,使麻烦 n. 问题,疾病,烦恼,麻烦"
trousers,n.,裤子，长裤
truck,n.,"卡车, 运货车；车皮"
TRUE,a.,真的，真实的；忠诚的
truth,n.,"真理,事实,真相,实际"
try,v.,试，试图，努力
T-shirt,n. T,恤衫
Tuesday,n.,星期二
turkey,n.,火鸡
turn,v.,旋转，翻转，转变，转弯 n. 轮流，顺序
turning,n.,拐弯处，拐角处
TV(缩) = television,n.,电视机
twelfth,num.,第十二
twelve,num.,十二
twentieth,vnum.,第二十
twenty,num.,二十
twenty-first,num.,第二十一
twenty-one,num.,二十一
twice,ad.,两次；两倍
twin,n.,双胞胎之一
two,num.,二
type,vt.,"打字 n. 种类,类型"
typical,adj,",典型的，有代表性的"
umbrella,n.,雨伞
U.N./ UN(缩) = the United Nations,n.,联合国
uncle,n.,"叔,伯,舅,姑夫,姨父"
under,ad.,\& prep. 在…下面，向…下面
underground,a.,地下的 n. 地铁
"understand (understood, understood)",v.,懂得;明白;理解
understanding,n.,领会;理解
unfair,a.,不公平的，不公正的
unit,n.,单元，单位
universe,n.,宇宙
university,n.,大学
unknown,a.,不知道的
unless,conj.,如果不，除非
unlike,prep.,不像，和…不同
until,prep.,\& conj. 直到…为止
unusual,a.,不平常的，异常的
up,ad.,向上;在上方 prep. 向(高处);向(在)…上(面)游
upon,prep.,在…上面
upstairs,ad.,在楼上，到楼上
use,vt.,"利用,使用,应用 n. \[ju?s] 用法,应用,运用"
used,a.,用过的;旧的;二手的
useful,a.,有用的，有益的
useless,a.,无用的
user,n.,使用者；用户
usual,a.,通常的，平常的
usually,ad.,通常，经常
valley,n.,"山谷, 溪谷"
vegetable,n.,蔬菜
very,ad.,很，非常
victim,n.,受害者，牺牲品
video,n.,录像，视频
village,n.,村庄，乡村
villager,n.,村民
violin,n.,小提琴
visit,n.,\& vt. 参观，访问，拜访
visitor,n.,访问者，参观者
voice,n.,说话声; 语态
volleyball,n.,排球
volunteer,n.,志愿者 v. 自愿做某事
wait,vi.,等，等候
"wake (woke, woken)",v.,"醒来,叫醒"
walk,n.,\& v. 步行；散步
wallet,n.,"(放钱,证件等的)皮夹"
want,vt.,"想,想要,需要,必要"
war,n.,战争
warm,a.,"暖和的,温暖的;热情的"
warning,n.,警报
washroom,n.,盥洗室
waste,n.,\& vt. 浪费
watch,vt.,观看，注视；当心，注意 n. 手表，表
water,n.,水v. 浇水
wave,n.,（热、光、声等的）波，波浪 v. 挥手，挥动，波动
way,n.,路，路线；方式，手段
we,pron.,我们
weak,a.,差的，弱的，淡的
"wear (wore, worn)",v.,穿，戴
weather,n.,天气
Wednesday,n.,星期三
week,n.,星期，周
weekday,n.,"平日,工作日"
weekend,n.,周末
weigh,vt.,称…的重量，重（若干）
weight,n.,重，重量
welcome,int.n.,\& v. 欢迎 a. 受欢迎的
well-known,a.,"出名,众所周知的"
west,a.,"(在)西；向西,从西来的 ad. 在西方,向西方 n. 西部；西方"
western,a.,西方的，西部的
westerner,n.,西方人
westwards,ad.,向西
wet,a.,"湿的,潮的,多雨的"
what,pron.,"什么,怎么样 a. 多么，何等；什么"
whatever,conj.,\& pron. 无论什么，不管什么
wheat,n.,小麦
wheel,n.,轮，机轮
when,conj.,当…的时候 ad. 什么时候，何时
whenever,conj.,每当，无论何时
where,ad.,在哪里；往哪里
wherever,conj.,无论在哪里
whether,conj.,是否
which,pron.,哪一个；哪些
whichever,pron.,无论哪个;无论哪些
while,conj.,"在…的时候,和…同时 n. 一会儿，一段时间"
white,a.,白色的 n. 白色
who,pron.,谁
whole,a.,整个的
whom,pron.,(who的宾格 )
whose,pron.,谁的
why,ad./ int.,"为什么, 你难道不知道（表示反驳、不耐烦等）"
wide,a.,宽阔的
wife,n.,妻子
will,n.,"意志, 遗嘱"
will (would),v.,"将,会(表示将来)；愿意，要"
"win (won, won)",n.,获胜，赢得 
"wind (wound,wound)",vt.,缠，连带；蜿蜒，弯曲 n. 风
window,n.,窗户；计算机的窗
windy,a.,有风的，多风的
wine,n.,酒
winner,n.,获胜者
winter,n.,冬天，冬季
wish,n.,愿望，祝愿 vt. 希望，想要，祝愿
with,prep.,"关于,带有,以,和,用,有"
without,prep.,没有
wolf（复wolves）,n.,狼
woman (复women),n.,妇女，女人
wonder,v.,"对…疑惑，感到惊奇,想知道 n. 惊讶,惊叹;奇迹"
wonderful,a.,美妙的，精彩的；了不起的；太好了
wood,n.,"木头,木材,(复)树木,森林"
wool,l n.,羊毛，羊绒
woolen,a.,羊毛的，羊毛制的
word,n.,词，单词；话
work,n.,"工作,劳动,事情 vi. 工作;(机器、器官等)运转,活动"
worker,n.,工人；工作者
workplace,n.,工作场所，车间
works,n.,著作，作品
world,n.,世界
worm,n.,"软体虫,蠕虫(尤指蚯蚓)"
worried,a.,担心的，烦恼的
worry,n.,"\& v. 烦恼,担忧,发怒,困扰"
worse,a.,(bad的比较级)更坏的
worst,a.,(bad的最高级)最坏的
worth,a.,"有…的价值,值得…的"
would,modal v.,"（will的过去时）将会,打算,想要,过去常常"
wound,vt.,"伤,伤害 n. 创伤,伤口"
wounded,a.,受伤的
wrong,a.,"错误,不正常,有毛病的"
X-ray,n. X,射线；X光
yard,n.,码；院子；场地
year,n.,年
yellow,a.,黄色的
yes,ad.,是，好，同意
yesterday,n.,\& ad. 昨天
yet,ad.,尚，还，仍然
you,pron.,你；你们
young,a.,年轻的
your,pron.,你的；你们的
yours,pron.,你的；你们的
yourself,pron.,你自己
yourselves,pron.,你们自己
youth,n.,青春；青年
zero,n.,"\& num. 零,零度,零点"
zoo,n.,动物园
